"","","","t","0","3600","7200","10800","14400","18000","21600","25200","28800","32400","36000","39600","43200","46800","50400","54000","57600","61200","64800","68400","72000","75600","79200","82800","86400","90000","93600","97200","100800","104400","108000","111600","115200","118800","122400","126000","129600","133200","136800","140400","144000","147600","151200","154800","158400","162000","165600","169200","172800","176400","180000","183600","187200","190800","194400","198000","201600","205200","208800","212400","216000","219600","223200","226800","230400","234000","237600","241200","244800","248400","252000","255600","259200","262800","266400","270000","273600","277200","280800","284400","288000","291600","295200","298800","302400","306000","309600","313200","316800","320400","324000","327600","331200","334800","338400","342000","345600","349200"
"V1","A01","X1"," 1","0.114","0.144","0.156","0.174","0.178","0.182","0.184","0.184","0.184","0.182","0.184","0.182","0.179","0.173","0.186","0.171","0.180","0.177","0.181","0.180","0.184","0.181","0.186","0.189","0.189","0.188","0.186","0.191","0.189","0.189","0.189","0.187","0.187","0.194","0.191","0.190","0.186","0.185","0.183","0.187","0.185","0.188","0.196","0.193","0.194","0.197","0.196","0.204","0.206","0.204","0.207","0.201","0.202","0.212","0.208","0.207","0.209","0.216","0.208","0.208","0.204","0.204","0.203","0.194","0.192","0.192","0.192","0.189","0.181","0.181","0.184","0.187","0.188","0.185","0.193","0.193","0.184","0.190","0.189","0.189","0.191","0.188","0.188","0.191","0.186","0.190","0.184","0.193","0.187","0.192","0.192","0.189","0.192","0.189","0.190","0.192","0.199","0.188"
"V2","B01","X2"," 1","0.137","0.181","0.214","0.223","0.223","0.230","0.234","0.240","0.255","0.251","0.260","0.258","0.270","0.262","0.270","0.269","0.268","0.265","0.276","0.284","0.298","0.300","0.315","0.308","0.316","0.311","0.309","0.331","0.316","0.335","0.314","0.305","0.312","0.337","0.322","0.331","0.351","0.343","0.352","0.376","0.386","0.402","0.388","0.380","0.387","0.387","0.382","0.403","0.407","0.418","0.412","0.418","0.413","0.415","0.388","0.466","0.473","0.497","0.492","0.499","0.493","0.486","0.485","0.493","0.507","0.491","0.497","0.500","0.505","0.495","0.469","0.477","0.477","0.477","0.483","0.493","0.489","0.504","0.505","0.510","0.533","0.526","0.536","0.531","0.531","0.541","0.529","0.535","0.526","0.522","0.519","0.500","0.506","0.508","0.499","0.477","0.491","0.502"
"V3","C01","X3"," 1","0.139","0.165","0.186","0.198","0.207","0.222","0.222","0.220","0.229","0.246","0.242","0.244","0.279","0.277","0.281","0.296","0.290","0.293","0.290","0.298","0.292","0.290","0.301","0.328","0.355","0.362","0.388","0.405","0.424","0.447","0.492","0.464","0.470","0.480","0.456","0.459","0.451","0.438","0.453","0.365","0.381","0.396","0.349","0.301","0.282","0.293","0.283","0.284","0.287","0.285","0.287","0.278","0.276","0.275","0.274","0.279","0.278","0.271","0.273","0.266","0.273","0.269","0.274","0.281","0.282","0.282","0.286","0.283","0.287","0.301","0.297","0.314","0.306","0.328","0.317","0.327","0.328","0.327","0.331","0.340","0.329","0.327","0.328","0.324","0.325","0.336","0.328","0.348","0.340","0.331","0.357","0.351","0.347","0.300","0.318","0.307","0.345","0.318"
"V4","D01","X4"," 1","0.150","0.180","0.202","0.216","0.219","0.228","0.229","0.229","0.241","0.243","0.247","0.248","0.249","0.260","0.261","0.268","0.263","0.273","0.267","0.272","0.265","0.276","0.272","0.276","0.274","0.282","0.272","0.279","0.283","0.287","0.285","0.282","0.293","0.291","0.295","0.285","0.283","0.284","0.282","0.282","0.283","0.283","0.282","0.280","0.282","0.281","0.282","0.278","0.281","0.281","0.287","0.286","0.287","0.287","0.284","0.288","0.291","0.285","0.282","0.281","0.282","0.278","0.279","0.284","0.280","0.293","0.289","0.278","0.284","0.276","0.282","0.278","0.282","0.279","0.290","0.274","0.283","0.282","0.280","0.285","0.280","0.277","0.282","0.274","0.274","0.274","0.278","0.268","0.268","0.275","0.271","0.271","0.277","0.265","0.277","0.274","0.272","0.274"
"V5","E01","X5"," 1","0.144","0.162","0.184","0.201","0.211","0.208","0.209","0.215","0.221","0.225","0.249","0.258","0.267","0.259","0.260","0.274","0.268","0.237","0.236","0.255","0.267","0.254","0.248","0.257","0.264","0.286","0.279","0.283","0.275","0.301","0.306","0.292","0.267","0.258","0.273","0.266","0.269","0.266","0.263","0.255","0.264","0.264","0.255","0.257","0.256","0.254","0.249","0.248","0.246","0.238","0.236","0.244","0.291","0.289","0.293","0.293","0.293","0.293","0.291","0.283","0.302","0.298","0.297","0.329","0.313","0.305","0.300","0.298","0.287","0.298","0.298","0.296","0.294","0.298","0.300","0.285","0.287","0.286","0.288","0.287","0.292","0.294","0.298","0.298","0.292","0.293","0.296","0.298","0.312","0.299","0.292","0.307","0.295","0.305","0.303","0.302","0.299","0.311"
"V6","F01","X6"," 1","0.146","0.143","0.176","0.183","0.189","0.173","0.180","0.203","0.207","0.210","0.212","0.218","0.218","0.217","0.215","0.221","0.225","0.225","0.234","0.232","0.245","0.254","0.268","0.272","0.291","0.324","0.306","0.316","0.333","0.452","0.486","0.465","0.474","0.484","0.503","0.499","0.498","0.510","0.486","0.506","0.503","0.514","0.514","0.526","0.531","0.518","0.518","0.518","0.509","0.504","0.499","0.503","0.503","0.495","0.493","0.493","0.491","0.494","0.490","0.497","0.497","0.495","0.494","0.501","0.495","0.499","0.500","0.506","0.503","0.494","0.495","0.507","0.498","0.499","0.503","0.503","0.498","0.502","0.503","0.510","0.503","0.510","0.511","0.511","0.512","0.512","0.504","0.509","0.512","0.508","0.510","0.512","0.508","0.509","0.513","0.512","0.508","0.511"
"V7","G01","X7"," 1","0.114","0.141","0.158","0.165","0.171","0.175","0.177","0.186","0.184","0.192","0.192","0.193","0.197","0.192","0.194","0.200","0.197","0.196","0.196","0.193","0.191","0.196","0.198","0.203","0.209","0.237","0.249","0.294","0.293","0.308","0.400","0.471","0.451","0.431","0.437","0.438","0.452","0.447","0.447","0.440","0.437","0.438","0.440","0.443","0.442","0.453","0.457","0.453","0.459","0.459","0.459","0.462","0.458","0.454","0.451","0.451","0.447","0.451","0.444","0.442","0.441","0.444","0.440","0.444","0.449","0.447","0.449","0.453","0.456","0.453","0.460","0.466","0.462","0.472","0.471","0.472","0.473","0.474","0.478","0.477","0.476","0.474","0.481","0.478","0.475","0.474","0.476","0.474","0.473","0.474","0.474","0.475","0.476","0.476","0.475","0.476","0.476","0.482"
"V8","H01","B"," 1","0.109","0.116","0.131","0.139","0.144","0.155","0.159","0.162","0.167","0.170","0.169","0.172","0.176","0.172","0.175","0.176","0.176","0.177","0.173","0.178","0.177","0.176","0.175","0.171","0.169","0.170","0.165","0.165","0.160","0.157","0.161","0.159","0.160","0.161","0.160","0.158","0.159","0.159","0.157","0.156","0.157","0.155","0.152","0.150","0.152","0.150","0.150","0.148","0.151","0.150","0.149","0.152","0.153","0.149","0.153","0.153","0.148","0.149","0.148","0.148","0.148","0.146","0.143","0.145","0.145","0.146","0.153","0.144","0.141","0.143","0.141","0.145","0.144","0.145","0.147","0.147","0.143","0.145","0.143","0.147","0.149","0.147","0.144","0.144","0.145","0.145","0.145","0.144","0.147","0.144","0.144","0.143","0.144","0.142","0.144","0.144","0.144","0.145"
"V9","A02","X8"," 1","0.118","0.136","0.159","0.162","0.170","0.179","0.180","0.187","0.191","0.193","0.199","0.187","0.178","0.182","0.192","0.191","0.202","0.207","0.228","0.250","0.231","0.203","0.216","0.245","0.335","0.349","0.450","0.509","0.500","0.493","0.473","0.470","0.470","0.475","0.484","0.485","0.486","0.491","0.489","0.494","0.493","0.486","0.480","0.475","0.476","0.470","0.469","0.467","0.478","0.487","0.487","0.496","0.502","0.502","0.502","0.502","0.502","0.504","0.499","0.497","0.496","0.493","0.493","0.491","0.494","0.494","0.495","0.492","0.495","0.493","0.495","0.492","0.496","0.493","0.497","0.496","0.497","0.496","0.496","0.495","0.498","0.496","0.493","0.493","0.493","0.494","0.495","0.494","0.495","0.493","0.495","0.492","0.492","0.493","0.492","0.494","0.493","0.493"
"V10","B02","X9"," 1","0.121","0.159","0.185","0.204","0.209","0.221","0.220","0.228","0.234","0.253","0.254","0.255","0.256","0.262","0.265","0.259","0.267","0.265","0.263","0.256","0.276","0.294","0.317","0.344","0.354","0.389","0.399","0.375","0.373","0.373","0.372","0.359","0.367","0.367","0.396","0.432","0.452","0.445","0.466","0.494","0.519","0.513","0.500","0.491","0.496","0.502","0.492","0.495","0.517","0.500","0.507","0.505","0.498","0.479","0.469","0.461","0.461","0.461","0.466","0.463","0.462","0.461","0.466","0.461","0.462","0.461","0.465","0.460","0.461","0.463","0.461","0.464","0.466","0.464","0.470","0.464","0.470","0.469","0.470","0.469","0.472","0.470","0.472","0.477","0.468","0.469","0.470","0.468","0.469","0.469","0.465","0.467","0.468","0.467","0.462","0.469","0.466","0.459"
"V11","C02","X10"," 1","0.160","0.186","0.203","0.210","0.208","0.228","0.232","0.241","0.243","0.244","0.245","0.253","0.261","0.267","0.271","0.284","0.302","0.312","0.329","0.356","0.382","0.421","0.441","0.417","0.429","0.431","0.463","0.482","0.470","0.463","0.482","0.469","0.475","0.466","0.463","0.465","0.453","0.459","0.460","0.422","0.414","0.405","0.419","0.417","0.420","0.410","0.403","0.422","0.421","0.415","0.413","0.393","0.403","0.401","0.393","0.417","0.417","0.417","0.420","0.422","0.408","0.324","0.402","0.412","0.396","0.405","0.426","0.445","0.454","0.449","0.450","0.440","0.440","0.454","0.453","0.447","0.446","0.445","0.459","0.449","0.460","0.448","0.453","0.473","0.452","0.458","0.444","0.364","0.463","0.445","0.441","0.447","0.451","0.463","0.451","0.453","0.431","0.441"
"V12","D02","X11"," 1","0.151","0.191","0.211","0.231","0.240","0.249","0.250","0.262","0.268","0.268","0.274","0.279","0.280","0.287","0.293","0.297","0.274","0.271","0.271","0.272","0.273","0.274","0.285","0.283","0.292","0.284","0.285","0.292","0.304","0.309","0.316","0.336","0.345","0.357","0.364","0.371","0.368","0.373","0.372","0.379","0.384","0.373","0.379","0.376","0.371","0.366","0.371","0.358","0.356","0.355","0.358","0.363","0.361","0.349","0.352","0.351","0.342","0.351","0.361","0.353","0.349","0.351","0.353","0.371","0.363","0.375","0.376","0.377","0.375","0.381","0.380","0.384","0.393","0.374","0.382","0.399","0.385","0.402","0.399","0.406","0.410","0.411","0.424","0.409","0.427","0.401","0.410","0.425","0.429","0.436","0.432","0.426","0.395","0.430","0.419","0.426","0.428","0.431"
"V13","E02","X12"," 1","0.151","0.173","0.194","0.211","0.216","0.216","0.231","0.241","0.250","0.248","0.260","0.273","0.275","0.276","0.286","0.307","0.321","0.346","0.354","0.360","0.368","0.390","0.388","0.385","0.391","0.385","0.380","0.380","0.391","0.394","0.383","0.382","0.379","0.379","0.367","0.364","0.366","0.351","0.357","0.357","0.359","0.351","0.354","0.265","0.348","0.350","0.347","0.350","0.349","0.359","0.357","0.362","0.360","0.348","0.354","0.359","0.357","0.349","0.352","0.344","0.360","0.358","0.350","0.364","0.358","0.356","0.353","0.349","0.361","0.360","0.372","0.370","0.362","0.388","0.394","0.392","0.393","0.398","0.399","0.406","0.406","0.408","0.433","0.444","0.435","0.432","0.442","0.449","0.450","0.444","0.465","0.444","0.441","0.446","0.447","0.452","0.447","0.453"
"V14","F02","X13"," 1","0.177","0.211","0.229","0.238","0.254","0.266","0.276","0.278","0.286","0.290","0.289","0.295","0.286","0.284","0.301","0.292","0.309","0.322","0.333","0.334","0.338","0.377","0.418","0.411","0.454","0.473","0.579","0.584","0.573","0.582","0.593","0.585","0.585","0.584","0.585","0.572","0.573","0.564","0.548","0.542","0.541","0.551","0.543","0.533","0.535","0.533","0.527","0.528","0.528","0.531","0.527","0.529","0.530","0.526","0.528","0.520","0.530","0.532","0.533","0.528","0.531","0.536","0.526","0.536","0.530","0.534","0.537","0.545","0.540","0.541","0.541","0.541","0.542","0.537","0.545","0.541","0.549","0.543","0.541","0.544","0.538","0.539","0.539","0.548","0.545","0.539","0.547","0.547","0.555","0.549","0.552","0.551","0.551","0.549","0.547","0.552","0.558","0.539"
"V15","G02","X14"," 1","0.144","0.179","0.196","0.210","0.222","0.230","0.234","0.235","0.241","0.246","0.249","0.247","0.253","0.252","0.255","0.260","0.259","0.265","0.266","0.270","0.272","0.291","0.295","0.296","0.322","0.338","0.360","0.429","0.450","0.532","0.536","0.514","0.515","0.499","0.483","0.471","0.469","0.467","0.467","0.464","0.465","0.460","0.457","0.449","0.453","0.452","0.456","0.453","0.460","0.456","0.462","0.460","0.461","0.462","0.459","0.461","0.458","0.464","0.457","0.459","0.460","0.458","0.460","0.459","0.462","0.458","0.460","0.456","0.456","0.458","0.458","0.459","0.461","0.459","0.459","0.455","0.459","0.461","0.462","0.458","0.467","0.463","0.462","0.461","0.459","0.463","0.462","0.461","0.455","0.461","0.464","0.457","0.458","0.462","0.460","0.461","0.459","0.463"
"V16","H02","B"," 1","0.111","0.136","0.152","0.167","0.173","0.182","0.190","0.200","0.201","0.211","0.211","0.219","0.218","0.220","0.222","0.229","0.227","0.222","0.227","0.228","0.226","0.212","0.212","0.216","0.217","0.217","0.222","0.223","0.219","0.218","0.223","0.222","0.224","0.226","0.223","0.222","0.224","0.226","0.224","0.222","0.225","0.222","0.221","0.219","0.213","0.238","0.227","0.225","0.229","0.226","0.222","0.225","0.220","0.223","0.228","0.221","0.222","0.225","0.220","0.217","0.215","0.216","0.217","0.219","0.220","0.221","0.217","0.212","0.212","0.217","0.212","0.215","0.217","0.218","0.214","0.215","0.215","0.214","0.215","0.215","0.215","0.212","0.216","0.214","0.214","0.208","0.207","0.205","0.210","0.204","0.209","0.206","0.208","0.207","0.205","0.206","0.205","0.203"
"V17","A03","X15"," 1","0.119","0.141","0.148","0.157","0.161","0.175","0.178","0.186","0.189","0.193","0.186","0.209","0.218","0.212","0.221","0.231","0.241","0.217","0.262","0.281","0.337","0.325","0.378","0.471","0.475","0.452","0.484","0.476","0.473","0.474","0.478","0.474","0.478","0.486","0.488","0.489","0.489","0.492","0.489","0.492","0.490","0.495","0.489","0.494","0.487","0.484","0.480","0.481","0.480","0.482","0.484","0.485","0.489","0.492","0.494","0.496","0.503","0.504","0.504","0.507","0.506","0.508","0.507","0.503","0.508","0.508","0.509","0.508","0.506","0.507","0.506","0.507","0.508","0.509","0.509","0.511","0.511","0.511","0.511","0.508","0.511","0.506","0.507","0.508","0.508","0.506","0.509","0.508","0.509","0.509","0.508","0.509","0.508","0.509","0.507","0.509","0.510","0.511"
"V18","B03","X16"," 1","0.132","0.179","0.212","0.231","0.239","0.218","0.225","0.242","0.247","0.252","0.256","0.261","0.265","0.266","0.268","0.282","0.290","0.314","0.336","0.349","0.359","0.359","0.333","0.342","0.358","0.401","0.412","0.447","0.512","0.508","0.448","0.438","0.439","0.434","0.428","0.433","0.424","0.417","0.414","0.413","0.415","0.408","0.411","0.409","0.416","0.416","0.414","0.420","0.420","0.421","0.422","0.423","0.424","0.426","0.427","0.427","0.426","0.427","0.426","0.427","0.427","0.427","0.428","0.429","0.427","0.430","0.431","0.429","0.432","0.432","0.436","0.435","0.437","0.441","0.443","0.443","0.446","0.444","0.446","0.446","0.447","0.450","0.448","0.448","0.446","0.446","0.445","0.450","0.449","0.447","0.446","0.449","0.446","0.445","0.444","0.444","0.447","0.444"
"V19","C03","X17"," 1","0.150","0.156","0.172","0.173","0.186","0.186","0.188","0.187","0.191","0.191","0.194","0.194","0.196","0.198","0.209","0.212","0.218","0.225","0.236","0.256","0.280","0.316","0.316","0.326","0.325","0.356","0.374","0.391","0.385","0.397","0.415","0.398","0.391","0.400","0.398","0.398","0.404","0.408","0.402","0.417","0.407","0.414","0.412","0.406","0.411","0.412","0.405","0.404","0.406","0.402","0.410","0.407","0.419","0.410","0.421","0.401","0.421","0.431","0.422","0.420","0.439","0.431","0.437","0.451","0.445","0.440","0.433","0.447","0.436","0.423","0.437","0.458","0.451","0.455","0.439","0.433","0.462","0.465","0.460","0.456","0.455","0.471","0.471","0.471","0.462","0.509","0.494","0.498","0.492","0.502","0.475","0.484","0.493","0.496","0.473","0.485","0.477","0.467"
"V20","D03","X18"," 1","0.165","0.140","0.145","0.181","0.178","0.177","0.179","0.176","0.177","0.175","0.181","0.179","0.187","0.186","0.192","0.197","0.195","0.194","0.198","0.187","0.201","0.197","0.200","0.209","0.212","0.221","0.216","0.213","0.213","0.213","0.220","0.225","0.220","0.231","0.237","0.236","0.233","0.237","0.245","0.243","0.246","0.248","0.253","0.254","0.258","0.254","0.265","0.268","0.268","0.269","0.274","0.281","0.280","0.282","0.283","0.284","0.281","0.282","0.292","0.288","0.284","0.281","0.284","0.292","0.293","0.286","0.287","0.287","0.288","0.275","0.287","0.296","0.321","0.300","0.292","0.332","0.315","0.333","0.318","0.335","0.323","0.344","0.341","0.334","0.344","0.349","0.356","0.361","0.363","0.358","0.218","0.369","0.352","0.362","0.363","0.369","0.359","0.367"
"V21","E03","X19"," 1","0.147","0.174","0.181","0.192","0.198","0.211","0.214","0.228","0.239","0.229","0.233","0.240","0.235","0.245","0.263","0.279","0.297","0.308","0.328","0.320","0.327","0.342","0.334","0.342","0.350","0.357","0.367","0.369","0.372","0.372","0.380","0.389","0.367","0.376","0.390","0.382","0.377","0.380","0.383","0.376","0.373","0.395","0.376","0.374","0.381","0.372","0.374","0.349","0.364","0.351","0.370","0.351","0.362","0.357","0.370","0.367","0.361","0.360","0.353","0.338","0.349","0.318","0.324","0.323","0.336","0.327","0.336","0.334","0.342","0.335","0.335","0.353","0.374","0.367","0.356","0.359","0.360","0.356","0.363","0.359","0.357","0.368","0.366","0.359","0.360","0.382","0.372","0.362","0.366","0.379","0.380","0.392","0.390","0.378","0.374","0.386","0.401","0.386"
"V22","F03","X20"," 1","0.153","0.175","0.182","0.192","0.195","0.193","0.195","0.200","0.210","0.220","0.216","0.232","0.220","0.230","0.229","0.236","0.229","0.240","0.239","0.255","0.288","0.303","0.309","0.368","0.381","0.411","0.485","0.499","0.488","0.500","0.507","0.516","0.528","0.514","0.513","0.509","0.497","0.481","0.475","0.467","0.479","0.474","0.483","0.479","0.483","0.480","0.480","0.478","0.477","0.475","0.473","0.479","0.474","0.473","0.476","0.471","0.472","0.474","0.472","0.471","0.471","0.470","0.468","0.472","0.468","0.467","0.468","0.465","0.463","0.469","0.474","0.470","0.467","0.471","0.475","0.474","0.473","0.478","0.471","0.475","0.471","0.468","0.469","0.479","0.477","0.482","0.481","0.485","0.490","0.494","0.488","0.488","0.494","0.490","0.490","0.494","0.498","0.495"
"V23","G03","X21"," 1","0.162","0.188","0.211","0.230","0.243","0.245","0.246","0.250","0.256","0.251","0.249","0.252","0.253","0.265","0.257","0.276","0.277","0.277","0.276","0.289","0.279","0.277","0.290","0.309","0.315","0.349","0.343","0.333","0.397","0.414","0.531","0.508","0.514","0.524","0.509","0.488","0.486","0.485","0.487","0.486","0.482","0.474","0.475","0.477","0.475","0.471","0.473","0.470","0.475","0.475","0.482","0.481","0.483","0.481","0.482","0.484","0.479","0.484","0.475","0.476","0.475","0.476","0.470","0.477","0.476","0.477","0.472","0.474","0.476","0.471","0.469","0.477","0.476","0.472","0.478","0.475","0.479","0.471","0.481","0.474","0.479","0.475","0.473","0.474","0.468","0.474","0.476","0.476","0.476","0.478","0.476","0.472","0.475","0.476","0.473","0.474","0.474","0.477"
"V24","H03","B"," 1","0.131","0.139","0.151","0.162","0.166","0.167","0.173","0.176","0.174","0.176","0.177","0.175","0.182","0.184","0.189","0.184","0.190","0.186","0.192","0.191","0.193","0.199","0.201","0.200","0.190","0.203","0.203","0.206","0.207","0.203","0.205","0.206","0.204","0.193","0.205","0.201","0.202","0.197","0.202","0.201","0.200","0.201","0.197","0.196","0.195","0.193","0.176","0.196","0.196","0.196","0.196","0.197","0.191","0.197","0.188","0.198","0.196","0.196","0.197","0.195","0.196","0.194","0.192","0.193","0.191","0.188","0.191","0.191","0.192","0.190","0.190","0.193","0.191","0.190","0.191","0.196","0.192","0.192","0.192","0.190","0.191","0.189","0.190","0.189","0.187","0.188","0.188","0.186","0.185","0.189","0.187","0.187","0.188","0.187","0.183","0.185","0.186","0.185"
"V25","A04","X22"," 1","0.122","0.153","0.180","0.194","0.199","0.202","0.201","0.210","0.212","0.220","0.223","0.222","0.227","0.235","0.256","0.279","0.280","0.253","0.258","0.264","0.292","0.289","0.315","0.301","0.313","0.324","0.314","0.279","0.226","0.236","0.227","0.231","0.222","0.229","0.227","0.234","0.230","0.228","0.259","0.244","0.227","0.228","0.224","0.224","0.217","0.208","0.203","0.198","0.202","0.202","0.201","0.227","0.218","0.224","0.225","0.222","0.219","0.223","0.226","0.224","0.222","0.226","0.219","0.223","0.224","0.222","0.232","0.236","0.228","0.237","0.241","0.251","0.251","0.252","0.233","0.246","0.249","0.246","0.254","0.258","0.260","0.260","0.253","0.250","0.252","0.250","0.257","0.243","0.242","0.245","0.243","0.233","0.234","0.231","0.233","0.232","0.231","0.228"
"V26","B04","X23"," 1","0.133","0.141","0.150","0.160","0.155","0.158","0.161","0.172","0.179","0.183","0.178","0.183","0.189","0.189","0.185","0.192","0.188","0.195","0.208","0.222","0.253","0.269","0.284","0.284","0.292","0.317","0.388","0.398","0.434","0.484","0.509","0.494","0.491","0.487","0.497","0.487","0.490","0.452","0.452","0.461","0.459","0.461","0.457","0.457","0.464","0.461","0.471","0.468","0.468","0.470","0.472","0.474","0.469","0.468","0.470","0.471","0.471","0.472","0.468","0.472","0.477","0.469","0.470","0.466","0.467","0.467","0.470","0.464","0.469","0.470","0.470","0.474","0.475","0.478","0.478","0.472","0.476","0.477","0.477","0.476","0.475","0.483","0.477","0.486","0.475","0.470","0.476","0.472","0.474","0.472","0.475","0.471","0.471","0.469","0.473","0.477","0.473","0.474"
"V27","C04","X24"," 1","0.138","0.158","0.183","0.191","0.189","0.193","0.196","0.209","0.211","0.216","0.218","0.222","0.226","0.227","0.238","0.228","0.230","0.234","0.252","0.246","0.234","0.248","0.246","0.243","0.247","0.250","0.248","0.262","0.303","0.309","0.317","0.384","0.464","0.421","0.416","0.402","0.398","0.389","0.387","0.389","0.380","0.381","0.382","0.387","0.389","0.389","0.389","0.395","0.387","0.395","0.390","0.384","0.386","0.386","0.385","0.389","0.388","0.386","0.387","0.389","0.389","0.386","0.383","0.386","0.390","0.390","0.392","0.396","0.395","0.393","0.395","0.391","0.392","0.392","0.388","0.390","0.396","0.394","0.397","0.397","0.401","0.397","0.399","0.401","0.401","0.401","0.397","0.397","0.399","0.400","0.403","0.400","0.400","0.400","0.399","0.398","0.403","0.402"
"V28","D04","X25"," 1","0.146","0.167","0.185","0.203","0.200","0.214","0.212","0.217","0.225","0.221","0.231","0.232","0.239","0.244","0.244","0.248","0.249","0.254","0.263","0.268","0.284","0.297","0.321","0.366","0.385","0.388","0.391","0.395","0.404","0.410","0.390","0.378","0.378","0.386","0.374","0.376","0.368","0.369","0.372","0.370","0.376","0.362","0.346","0.339","0.331","0.331","0.326","0.324","0.320","0.319","0.304","0.299","0.293","0.302","0.308","0.321","0.330","0.332","0.339","0.334","0.341","0.344","0.358","0.355","0.346","0.341","0.349","0.339","0.341","0.340","0.346","0.337","0.348","0.350","0.352","0.351","0.347","0.359","0.362","0.359","0.363","0.357","0.357","0.338","0.339","0.352","0.346","0.350","0.350","0.350","0.362","0.354","0.351","0.339","0.344","0.344","0.337","0.362"
"V29","E04","X26"," 1","0.145","0.179","0.191","0.209","0.215","0.219","0.225","0.229","0.246","0.254","0.262","0.288","0.299","0.306","0.301","0.318","0.345","0.353","0.356","0.361","0.354","0.350","0.347","0.350","0.362","0.349","0.349","0.353","0.350","0.357","0.363","0.359","0.352","0.360","0.354","0.362","0.366","0.363","0.356","0.348","0.359","0.357","0.350","0.349","0.351","0.347","0.349","0.352","0.369","0.377","0.382","0.377","0.381","0.375","0.372","0.373","0.376","0.371","0.375","0.360","0.357","0.358","0.356","0.345","0.341","0.337","0.353","0.353","0.360","0.350","0.306","0.325","0.335","0.337","0.360","0.348","0.352","0.364","0.344","0.345","0.344","0.364","0.356","0.365","0.349","0.360","0.368","0.377","0.463","0.404","0.457","0.456","0.460","0.464","0.456","0.461","0.458","0.461"
"V30","F04","X27"," 1","0.140","0.173","0.188","0.233","0.236","0.236","0.236","0.249","0.254","0.260","0.264","0.260","0.275","0.276","0.271","0.273","0.281","0.300","0.318","0.333","0.341","0.350","0.348","0.386","0.417","0.495","0.499","0.472","0.488","0.509","0.526","0.543","0.547","0.523","0.542","0.512","0.498","0.501","0.494","0.486","0.464","0.463","0.463","0.469","0.470","0.470","0.474","0.466","0.462","0.468","0.466","0.468","0.467","0.469","0.465","0.465","0.467","0.466","0.464","0.467","0.462","0.458","0.462","0.463","0.461","0.460","0.464","0.457","0.460","0.465","0.460","0.461","0.463","0.463","0.465","0.460","0.461","0.464","0.459","0.459","0.458","0.455","0.458","0.463","0.461","0.463","0.464","0.462","0.474","0.470","0.469","0.474","0.468","0.456","0.467","0.459","0.468","0.467"
"V31","G04","X28"," 1","0.145","0.164","0.187","0.194","0.204","0.217","0.225","0.230","0.244","0.236","0.243","0.239","0.246","0.211","0.255","0.256","0.267","0.268","0.272","0.278","0.286","0.309","0.326","0.329","0.342","0.385","0.391","0.466","0.482","0.472","0.495","0.485","0.459","0.444","0.451","0.434","0.423","0.422","0.417","0.417","0.406","0.408","0.404","0.406","0.404","0.411","0.413","0.412","0.418","0.421","0.420","0.423","0.429","0.433","0.430","0.432","0.431","0.431","0.432","0.429","0.433","0.428","0.428","0.427","0.426","0.429","0.428","0.428","0.431","0.418","0.429","0.428","0.427","0.429","0.428","0.427","0.431","0.428","0.430","0.430","0.435","0.432","0.434","0.434","0.428","0.425","0.429","0.428","0.423","0.422","0.432","0.426","0.424","0.425","0.426","0.424","0.427","0.425"
"V32","H04","B"," 1","0.113","0.143","0.159","0.166","0.172","0.178","0.180","0.180","0.182","0.181","0.183","0.187","0.180","0.186","0.190","0.191","0.190","0.191","0.192","0.192","0.188","0.190","0.193","0.194","0.192","0.201","0.197","0.194","0.198","0.190","0.199","0.191","0.197","0.195","0.198","0.196","0.193","0.192","0.192","0.193","0.188","0.190","0.182","0.186","0.186","0.182","0.185","0.185","0.190","0.189","0.188","0.194","0.189","0.194","0.193","0.190","0.194","0.194","0.193","0.192","0.189","0.187","0.191","0.189","0.192","0.189","0.189","0.189","0.186","0.187","0.188","0.188","0.186","0.191","0.191","0.189","0.190","0.189","0.188","0.192","0.189","0.193","0.192","0.193","0.193","0.193","0.189","0.189","0.190","0.186","0.187","0.183","0.183","0.185","0.184","0.182","0.186","0.189"
"V33","A05","B"," 1","0.116","0.125","0.137","0.144","0.152","0.155","0.170","0.167","0.167","0.178","0.177","0.179","0.182","0.180","0.190","0.181","0.199","0.198","0.189","0.184","0.189","0.192","0.188","0.196","0.207","0.208","0.212","0.198","0.208","0.199","0.204","0.194","0.202","0.198","0.202","0.199","0.203","0.198","0.206","0.205","0.199","0.200","0.195","0.197","0.196","0.190","0.190","0.195","0.198","0.212","0.200","0.205","0.207","0.199","0.200","0.202","0.199","0.202","0.197","0.206","0.198","0.195","0.200","0.202","0.194","0.200","0.212","0.196","0.198","0.195","0.201","0.203","0.205","0.191","0.185","0.196","0.202","0.192","0.191","0.193","0.201","0.200","0.195","0.197","0.192","0.192","0.198","0.206","0.198","0.183","0.192","0.191","0.193","0.194","0.187","0.189","0.191","0.193"
"V34","B05","B"," 1","0.125","0.153","0.187","0.199","0.202","0.217","0.225","0.233","0.232","0.244","0.247","0.249","0.249","0.248","0.244","0.261","0.255","0.260","0.263","0.261","0.259","0.262","0.268","0.270","0.277","0.281","0.280","0.278","0.285","0.280","0.273","0.282","0.287","0.277","0.284","0.283","0.292","0.260","0.260","0.262","0.263","0.269","0.260","0.263","0.267","0.266","0.267","0.271","0.270","0.282","0.283","0.279","0.280","0.277","0.280","0.275","0.271","0.272","0.278","0.283","0.274","0.272","0.284","0.278","0.275","0.273","0.271","0.279","0.278","0.265","0.275","0.283","0.276","0.279","0.283","0.297","0.286","0.296","0.280","0.288","0.284","0.300","0.291","0.295","0.281","0.293","0.300","0.293","0.296","0.295","0.283","0.288","0.279","0.286","0.291","0.296","0.289","0.295"
"V35","C05","B"," 1","0.144","0.186","0.225","0.243","0.242","0.254","0.261","0.266","0.273","0.275","0.271","0.256","0.253","0.258","0.256","0.259","0.259","0.254","0.260","0.265","0.259","0.259","0.267","0.264","0.266","0.269","0.267","0.262","0.269","0.269","0.270","0.271","0.271","0.267","0.268","0.272","0.267","0.268","0.267","0.265","0.259","0.267","0.266","0.261","0.287","0.276","0.274","0.281","0.285","0.293","0.290","0.294","0.286","0.278","0.298","0.288","0.288","0.286","0.296","0.304","0.292","0.284","0.298","0.300","0.293","0.291","0.294","0.298","0.297","0.287","0.285","0.294","0.303","0.301","0.298","0.304","0.300","0.301","0.290","0.286","0.294","0.291","0.287","0.286","0.291","0.292","0.297","0.291","0.291","0.287","0.277","0.289","0.277","0.280","0.294","0.298","0.282","0.288"
"V36","D05","B"," 1","0.135","0.166","0.202","0.207","0.208","0.209","0.220","0.224","0.228","0.236","0.228","0.236","0.233","0.244","0.240","0.236","0.236","0.236","0.240","0.239","0.243","0.241","0.245","0.249","0.243","0.253","0.246","0.251","0.252","0.249","0.248","0.251","0.250","0.249","0.251","0.247","0.248","0.254","0.251","0.252","0.255","0.254","0.254","0.249","0.256","0.254","0.254","0.252","0.258","0.255","0.261","0.259","0.261","0.263","0.263","0.259","0.259","0.265","0.262","0.258","0.265","0.264","0.259","0.254","0.255","0.258","0.256","0.252","0.258","0.262","0.261","0.256","0.261","0.268","0.265","0.265","0.268","0.267","0.270","0.268","0.271","0.269","0.271","0.262","0.266","0.268","0.263","0.265","0.263","0.264","0.262","0.266","0.263","0.266","0.264","0.265","0.267","0.268"
"V37","E05","B"," 1","0.155","0.191","0.217","0.230","0.240","0.245","0.256","0.259","0.265","0.264","0.268","0.275","0.273","0.272","0.279","0.272","0.274","0.281","0.276","0.273","0.270","0.278","0.276","0.280","0.289","0.289","0.288","0.283","0.288","0.284","0.281","0.284","0.291","0.289","0.287","0.285","0.283","0.277","0.276","0.285","0.283","0.276","0.280","0.277","0.275","0.278","0.278","0.283","0.288","0.297","0.285","0.293","0.295","0.286","0.288","0.291","0.294","0.298","0.298","0.294","0.291","0.292","0.295","0.299","0.292","0.292","0.296","0.290","0.293","0.289","0.296","0.296","0.304","0.299","0.299","0.306","0.305","0.299","0.295","0.298","0.307","0.304","0.306","0.297","0.303","0.301","0.304","0.302","0.296","0.298","0.295","0.301","0.307","0.299","0.300","0.304","0.298","0.302"
"V38","F05","B"," 1","0.144","0.174","0.194","0.206","0.212","0.210","0.212","0.211","0.210","0.216","0.213","0.217","0.214","0.218","0.212","0.210","0.217","0.206","0.212","0.209","0.214","0.211","0.216","0.218","0.217","0.219","0.220","0.225","0.221","0.224","0.217","0.218","0.221","0.222","0.222","0.223","0.219","0.219","0.215","0.217","0.219","0.215","0.219","0.217","0.218","0.215","0.212","0.219","0.218","0.218","0.222","0.218","0.221","0.224","0.226","0.225","0.227","0.228","0.231","0.227","0.231","0.225","0.231","0.225","0.234","0.228","0.235","0.232","0.227","0.232","0.233","0.234","0.241","0.238","0.238","0.238","0.236","0.242","0.240","0.242","0.246","0.243","0.245","0.249","0.248","0.250","0.248","0.256","0.256","0.249","0.247","0.247","0.249","0.253","0.255","0.256","0.263","0.265"
"V39","G05","B"," 1","0.153","0.159","0.170","0.179","0.181","0.177","0.180","0.174","0.179","0.183","0.175","0.175","0.182","0.178","0.176","0.173","0.180","0.175","0.173","0.173","0.176","0.171","0.176","0.175","0.175","0.177","0.177","0.177","0.175","0.172","0.178","0.176","0.176","0.170","0.172","0.176","0.168","0.171","0.169","0.168","0.171","0.170","0.170","0.168","0.166","0.162","0.166","0.166","0.171","0.169","0.172","0.176","0.176","0.170","0.173","0.175","0.174","0.176","0.173","0.173","0.191","0.191","0.193","0.208","0.209","0.195","0.193","0.197","0.196","0.198","0.198","0.204","0.201","0.197","0.192","0.196","0.197","0.192","0.209","0.206","0.196","0.188","0.191","0.210","0.195","0.192","0.199","0.195","0.211","0.206","0.200","0.200","0.201","0.197","0.195","0.201","0.196","0.196"
"V40","H05","B"," 1","0.135","0.151","0.170","0.179","0.180","0.180","0.178","0.180","0.185","0.190","0.182","0.183","0.183","0.189","0.182","0.180","0.181","0.182","0.186","0.186","0.186","0.186","0.189","0.187","0.187","0.161","0.189","0.191","0.186","0.187","0.190","0.184","0.186","0.183","0.181","0.177","0.183","0.190","0.187","0.185","0.185","0.191","0.184","0.188","0.183","0.187","0.195","0.182","0.180","0.178","0.187","0.181","0.176","0.180","0.179","0.184","0.177","0.177","0.175","0.172","0.175","0.174","0.173","0.174","0.171","0.177","0.176","0.172","0.171","0.178","0.178","0.173","0.176","0.178","0.176","0.178","0.179","0.179","0.182","0.178","0.185","0.179","0.182","0.182","0.181","0.183","0.182","0.182","0.181","0.182","0.184","0.180","0.182","0.178","0.179","0.179","0.178","0.183"
"V41","A06","X29"," 1","0.123","0.147","0.177","0.193","0.232","0.234","0.231","0.244","0.248","0.252","0.235","0.267","0.250","0.255","0.278","0.305","0.322","0.292","0.317","0.370","0.363","0.388","0.420","0.524","0.513","0.501","0.499","0.527","0.528","0.519","0.505","0.500","0.491","0.493","0.504","0.498","0.495","0.496","0.498","0.501","0.500","0.497","0.490","0.488","0.485","0.476","0.477","0.477","0.485","0.483","0.485","0.494","0.493","0.495","0.500","0.507","0.509","0.511","0.509","0.511","0.507","0.509","0.510","0.510","0.505","0.508","0.509","0.505","0.508","0.502","0.508","0.510","0.512","0.509","0.510","0.516","0.510","0.512","0.510","0.512","0.512","0.508","0.503","0.507","0.508","0.507","0.506","0.508","0.506","0.509","0.506","0.508","0.506","0.507","0.509","0.505","0.509","0.506"
"V42","B06","X30"," 1","0.136","0.160","0.171","0.188","0.187","0.200","0.191","0.199","0.196","0.205","0.204","0.214","0.219","0.222","0.230","0.244","0.256","0.262","0.260","0.253","0.278","0.318","0.309","0.379","0.409","0.408","0.424","0.431","0.473","0.474","0.472","0.478","0.432","0.414","0.411","0.405","0.402","0.406","0.411","0.414","0.419","0.405","0.412","0.411","0.412","0.406","0.401","0.414","0.422","0.426","0.428","0.424","0.424","0.421","0.427","0.426","0.421","0.433","0.432","0.433","0.432","0.439","0.437","0.438","0.435","0.445","0.443","0.441","0.442","0.434","0.438","0.438","0.447","0.445","0.441","0.446","0.445","0.448","0.441","0.443","0.442","0.439","0.442","0.443","0.442","0.438","0.437","0.441","0.437","0.433","0.436","0.436","0.439","0.438","0.436","0.438","0.438","0.438"
"V43","C06","X31"," 1","0.136","0.175","0.209","0.228","0.242","0.249","0.253","0.252","0.259","0.258","0.261","0.265","0.266","0.271","0.271","0.284","0.282","0.292","0.323","0.346","0.396","0.366","0.361","0.382","0.430","0.432","0.428","0.438","0.415","0.444","0.428","0.448","0.441","0.443","0.468","0.457","0.462","0.466","0.483","0.456","0.478","0.476","0.466","0.456","0.459","0.479","0.461","0.447","0.467","0.454","0.468","0.471","0.476","0.479","0.476","0.475","0.473","0.482","0.482","0.476","0.482","0.473","0.474","0.482","0.474","0.474","0.480","0.475","0.466","0.479","0.481","0.480","0.481","0.485","0.483","0.477","0.481","0.473","0.473","0.478","0.474","0.484","0.485","0.476","0.475","0.488","0.471","0.474","0.471","0.474","0.477","0.472","0.463","0.464","0.477","0.474","0.473","0.484"
"V44","D06","X32"," 1","0.147","0.161","0.168","0.170","0.177","0.177","0.176","0.181","0.185","0.189","0.184","0.184","0.186","0.188","0.188","0.180","0.190","0.194","0.204","0.211","0.216","0.225","0.243","0.253","0.266","0.269","0.281","0.256","0.285","0.312","0.311","0.317","0.314","0.324","0.326","0.337","0.335","0.332","0.339","0.334","0.334","0.328","0.314","0.336","0.327","0.331","0.324","0.322","0.328","0.339","0.336","0.346","0.349","0.340","0.333","0.333","0.332","0.335","0.329","0.339","0.332","0.343","0.366","0.361","0.337","0.360","0.370","0.368","0.378","0.372","0.378","0.369","0.390","0.389","0.394","0.405","0.385","0.410","0.402","0.404","0.433","0.401","0.431","0.397","0.433","0.424","0.413","0.416","0.386","0.416","0.425","0.409","0.429","0.410","0.417","0.403","0.422","0.401"
"V45","E06","X33"," 1","0.150","0.163","0.176","0.183","0.186","0.191","0.191","0.191","0.196","0.200","0.207","0.212","0.216","0.214","0.224","0.249","0.272","0.284","0.295","0.284","0.285","0.286","0.284","0.299","0.340","0.334","0.354","0.328","0.344","0.355","0.362","0.353","0.358","0.358","0.363","0.363","0.356","0.359","0.357","0.358","0.360","0.348","0.352","0.334","0.344","0.258","0.342","0.351","0.359","0.363","0.357","0.351","0.359","0.352","0.359","0.363","0.364","0.371","0.368","0.376","0.365","0.364","0.346","0.378","0.370","0.352","0.348","0.358","0.348","0.349","0.340","0.279","0.336","0.340","0.331","0.342","0.346","0.339","0.339","0.338","0.343","0.347","0.349","0.357","0.363","0.356","0.363","0.357","0.350","0.355","0.356","0.367","0.386","0.374","0.368","0.377","0.373","0.361"
"V46","F06","X34"," 1","0.148","0.164","0.167","0.175","0.176","0.183","0.184","0.191","0.193","0.198","0.201","0.206","0.212","0.214","0.218","0.219","0.220","0.219","0.229","0.245","0.260","0.281","0.301","0.332","0.365","0.366","0.389","0.491","0.473","0.468","0.488","0.495","0.487","0.498","0.492","0.489","0.482","0.457","0.446","0.449","0.457","0.458","0.464","0.461","0.467","0.459","0.461","0.461","0.457","0.462","0.461","0.456","0.462","0.465","0.465","0.465","0.458","0.460","0.456","0.453","0.457","0.449","0.453","0.450","0.449","0.456","0.455","0.450","0.457","0.453","0.455","0.449","0.452","0.454","0.457","0.453","0.454","0.452","0.450","0.452","0.452","0.446","0.450","0.457","0.460","0.456","0.463","0.464","0.465","0.462","0.465","0.466","0.467","0.452","0.459","0.462","0.473","0.463"
"V47","G06","X35"," 1","0.155","0.185","0.196","0.207","0.204","0.205","0.207","0.208","0.216","0.220","0.224","0.226","0.233","0.241","0.240","0.259","0.195","0.258","0.262","0.283","0.283","0.289","0.303","0.313","0.349","0.389","0.408","0.402","0.445","0.528","0.526","0.539","0.516","0.484","0.459","0.448","0.434","0.422","0.420","0.416","0.409","0.409","0.414","0.414","0.412","0.414","0.420","0.426","0.429","0.431","0.437","0.438","0.438","0.437","0.438","0.447","0.441","0.443","0.442","0.444","0.442","0.441","0.439","0.445","0.443","0.443","0.440","0.449","0.438","0.439","0.439","0.445","0.441","0.443","0.443","0.444","0.444","0.441","0.439","0.444","0.447","0.440","0.437","0.441","0.439","0.435","0.435","0.434","0.436","0.434","0.432","0.437","0.435","0.438","0.436","0.436","0.434","0.439"
"V48","H06","B"," 1","0.119","0.141","0.156","0.166","0.167","0.173","0.172","0.174","0.173","0.177","0.180","0.179","0.176","0.177","0.176","0.175","0.172","0.174","0.177","0.176","0.179","0.180","0.177","0.181","0.183","0.185","0.184","0.190","0.186","0.188","0.185","0.188","0.186","0.187","0.187","0.167","0.165","0.167","0.173","0.170","0.171","0.167","0.167","0.164","0.164","0.164","0.160","0.165","0.166","0.172","0.172","0.169","0.169","0.167","0.170","0.164","0.168","0.170","0.169","0.165","0.166","0.165","0.167","0.166","0.165","0.164","0.166","0.165","0.166","0.165","0.163","0.165","0.166","0.163","0.163","0.162","0.162","0.161","0.163","0.163","0.163","0.161","0.165","0.162","0.167","0.161","0.165","0.161","0.159","0.160","0.159","0.160","0.159","0.157","0.158","0.159","0.162","0.163"
"V49","A07","X36"," 1","0.120","0.146","0.175","0.175","0.198","0.205","0.216","0.225","0.227","0.255","0.244","0.211","0.244","0.270","0.272","0.267","0.276","0.282","0.351","0.342","0.406","0.395","0.459","0.527","0.556","0.529","0.520","0.512","0.527","0.528","0.532","0.521","0.504","0.499","0.498","0.502","0.516","0.514","0.516","0.512","0.508","0.510","0.504","0.510","0.505","0.504","0.496","0.490","0.493","0.489","0.491","0.498","0.490","0.488","0.490","0.494","0.494","0.499","0.501","0.503","0.503","0.508","0.506","0.509","0.511","0.508","0.510","0.505","0.506","0.511","0.502","0.507","0.508","0.507","0.507","0.510","0.512","0.508","0.508","0.509","0.506","0.504","0.504","0.506","0.501","0.503","0.501","0.502","0.501","0.504","0.506","0.502","0.501","0.507","0.505","0.503","0.507","0.507"
"V50","B07","X37"," 1","0.131","0.132","0.199","0.213","0.236","0.245","0.252","0.253","0.257","0.271","0.285","0.283","0.299","0.307","0.287","0.310","0.295","0.305","0.315","0.320","0.350","0.362","0.401","0.426","0.423","0.441","0.528","0.575","0.583","0.548","0.476","0.474","0.471","0.470","0.461","0.455","0.452","0.446","0.436","0.434","0.436","0.434","0.421","0.427","0.429","0.432","0.429","0.431","0.418","0.427","0.416","0.424","0.430","0.422","0.431","0.424","0.425","0.429","0.428","0.431","0.430","0.431","0.428","0.430","0.431","0.424","0.427","0.428","0.427","0.427","0.427","0.427","0.431","0.434","0.428","0.434","0.434","0.433","0.437","0.434","0.435","0.436","0.439","0.441","0.440","0.437","0.438","0.440","0.442","0.436","0.438","0.442","0.438","0.443","0.446","0.447","0.448","0.450"
"V51","C07","X38"," 1","0.141","0.153","0.158","0.164","0.168","0.176","0.183","0.186","0.198","0.192","0.221","0.212","0.218","0.222","0.241","0.252","0.277","0.286","0.284","0.277","0.273","0.264","0.357","0.354","0.381","0.377","0.383","0.456","0.494","0.514","0.502","0.496","0.520","0.464","0.451","0.442","0.449","0.445","0.437","0.438","0.437","0.430","0.432","0.436","0.436","0.436","0.429","0.438","0.438","0.445","0.431","0.432","0.435","0.432","0.437","0.432","0.429","0.431","0.427","0.434","0.432","0.429","0.422","0.426","0.437","0.424","0.429","0.432","0.434","0.424","0.416","0.422","0.424","0.421","0.420","0.422","0.423","0.423","0.423","0.426","0.421","0.429","0.429","0.433","0.422","0.427","0.427","0.427","0.424","0.423","0.419","0.421","0.417","0.423","0.426","0.428","0.427","0.427"
"V52","D07","X39"," 1","0.148","0.163","0.186","0.214","0.214","0.214","0.231","0.237","0.236","0.242","0.241","0.243","0.253","0.250","0.254","0.259","0.258","0.269","0.271","0.285","0.307","0.347","0.385","0.377","0.386","0.378","0.381","0.390","0.389","0.393","0.398","0.388","0.389","0.394","0.396","0.380","0.388","0.391","0.392","0.386","0.390","0.380","0.383","0.372","0.370","0.374","0.362","0.380","0.383","0.365","0.381","0.370","0.369","0.366","0.362","0.364","0.376","0.381","0.364","0.380","0.379","0.381","0.384","0.382","0.373","0.380","0.375","0.376","0.371","0.386","0.390","0.371","0.377","0.381","0.391","0.381","0.380","0.380","0.380","0.385","0.384","0.381","0.401","0.412","0.382","0.404","0.300","0.415","0.384","0.398","0.387","0.389","0.406","0.399","0.400","0.401","0.386","0.392"
"V53","E07","X40"," 1","0.148","0.171","0.187","0.220","0.227","0.246","0.244","0.271","0.272","0.279","0.288","0.291","0.308","0.330","0.331","0.355","0.364","0.380","0.378","0.382","0.383","0.375","0.376","0.375","0.372","0.373","0.380","0.378","0.375","0.384","0.387","0.379","0.382","0.386","0.384","0.379","0.385","0.381","0.372","0.386","0.385","0.376","0.380","0.372","0.357","0.382","0.366","0.371","0.384","0.375","0.404","0.391","0.389","0.390","0.372","0.384","0.392","0.404","0.369","0.409","0.398","0.399","0.396","0.380","0.400","0.395","0.402","0.405","0.406","0.396","0.398","0.399","0.409","0.386","0.393","0.412","0.361","0.420","0.401","0.408","0.392","0.406","0.422","0.420","0.406","0.417","0.392","0.431","0.418","0.427","0.423","0.400","0.424","0.425","0.419","0.434","0.430","0.421"
"V54","F07","X41"," 1","0.165","0.189","0.227","0.249","0.260","0.264","0.275","0.283","0.286","0.298","0.305","0.307","0.312","0.312","0.326","0.321","0.327","0.338","0.354","0.373","0.392","0.424","0.447","0.476","0.527","0.537","0.549","0.572","0.575","0.569","0.563","0.557","0.561","0.567","0.566","0.555","0.531","0.527","0.503","0.487","0.486","0.474","0.473","0.475","0.485","0.483","0.484","0.478","0.482","0.491","0.485","0.486","0.481","0.486","0.494","0.493","0.486","0.489","0.487","0.486","0.486","0.487","0.469","0.474","0.470","0.479","0.480","0.477","0.472","0.471","0.481","0.467","0.478","0.473","0.475","0.473","0.473","0.473","0.472","0.469","0.470","0.466","0.469","0.465","0.471","0.469","0.473","0.479","0.478","0.473","0.470","0.473","0.477","0.464","0.468","0.475","0.481","0.474"
"V55","G07","X42"," 1","0.157","0.189","0.209","0.230","0.243","0.252","0.269","0.280","0.286","0.306","0.308","0.319","0.326","0.340","0.351","0.353","0.367","0.380","0.387","0.407","0.426","0.429","0.479","0.504","0.532","0.528","0.503","0.494","0.513","0.517","0.521","0.505","0.489","0.474","0.458","0.448","0.443","0.437","0.432","0.429","0.420","0.421","0.427","0.426","0.429","0.432","0.432","0.436","0.441","0.444","0.451","0.452","0.455","0.461","0.462","0.465","0.464","0.467","0.465","0.469","0.470","0.466","0.465","0.469","0.466","0.468","0.469","0.470","0.469","0.470","0.467","0.468","0.473","0.476","0.476","0.473","0.475","0.470","0.476","0.480","0.476","0.476","0.475","0.473","0.473","0.470","0.473","0.470","0.477","0.475","0.476","0.475","0.468","0.477","0.474","0.470","0.468","0.475"
"V56","H07","B"," 1","0.126","0.158","0.180","0.203","0.208","0.210","0.217","0.216","0.222","0.194","0.194","0.193","0.169","0.188","0.191","0.187","0.193","0.192","0.195","0.196","0.196","0.197","0.199","0.194","0.195","0.199","0.200","0.200","0.199","0.197","0.195","0.199","0.200","0.201","0.200","0.202","0.195","0.197","0.196","0.192","0.193","0.194","0.192","0.194","0.194","0.195","0.191","0.195","0.196","0.196","0.198","0.200","0.197","0.201","0.200","0.203","0.199","0.207","0.201","0.205","0.202","0.196","0.195","0.197","0.197","0.192","0.196","0.195","0.188","0.193","0.188","0.190","0.194","0.193","0.195","0.194","0.195","0.197","0.191","0.191","0.184","0.189","0.191","0.186","0.181","0.186","0.184","0.181","0.181","0.180","0.181","0.180","0.180","0.177","0.178","0.176","0.178","0.177"
"V57","A08","X43"," 1","0.139","0.165","0.201","0.217","0.216","0.233","0.215","0.239","0.234","0.256","0.286","0.287","0.305","0.294","0.335","0.371","0.340","0.354","0.372","0.420","0.458","0.491","0.507","0.492","0.493","0.512","0.533","0.519","0.514","0.503","0.507","0.520","0.529","0.535","0.534","0.528","0.526","0.530","0.527","0.526","0.524","0.521","0.516","0.517","0.511","0.509","0.503","0.509","0.514","0.515","0.522","0.533","0.526","0.528","0.535","0.539","0.537","0.537","0.536","0.539","0.536","0.536","0.534","0.540","0.530","0.532","0.533","0.530","0.531","0.532","0.530","0.536","0.536","0.537","0.538","0.538","0.538","0.537","0.538","0.541","0.536","0.535","0.531","0.533","0.531","0.530","0.532","0.534","0.531","0.533","0.531","0.532","0.530","0.530","0.528","0.533","0.534","0.532"
"V58","B08","X44"," 1","0.149","0.169","0.175","0.182","0.193","0.197","0.207","0.223","0.221","0.223","0.235","0.235","0.236","0.233","0.250","0.248","0.253","0.249","0.256","0.273","0.297","0.311","0.355","0.400","0.437","0.454","0.475","0.483","0.489","0.498","0.499","0.498","0.512","0.498","0.483","0.467","0.469","0.472","0.479","0.483","0.486","0.483","0.479","0.482","0.479","0.482","0.484","0.486","0.489","0.492","0.492","0.494","0.495","0.491","0.492","0.495","0.497","0.491","0.489","0.494","0.492","0.497","0.485","0.481","0.481","0.477","0.476","0.474","0.473","0.466","0.467","0.469","0.466","0.461","0.462","0.462","0.458","0.462","0.460","0.454","0.463","0.450","0.453","0.454","0.452","0.453","0.454","0.453","0.452","0.454","0.450","0.445","0.447","0.448","0.452","0.451","0.446","0.450"
"V59","C08","X45"," 1","0.153","0.160","0.176","0.191","0.195","0.198","0.201","0.216","0.213","0.216","0.228","0.226","0.234","0.235","0.244","0.252","0.255","0.247","0.267","0.269","0.281","0.288","0.292","0.296","0.315","0.313","0.341","0.335","0.315","0.377","0.370","0.406","0.520","0.494","0.522","0.495","0.479","0.468","0.467","0.463","0.460","0.456","0.459","0.464","0.459","0.452","0.459","0.461","0.472","0.469","0.459","0.454","0.463","0.459","0.450","0.460","0.459","0.453","0.451","0.452","0.453","0.449","0.452","0.443","0.450","0.449","0.454","0.452","0.447","0.454","0.447","0.445","0.444","0.449","0.446","0.448","0.451","0.445","0.446","0.448","0.453","0.447","0.446","0.451","0.453","0.449","0.445","0.455","0.450","0.453","0.447","0.453","0.450","0.450","0.449","0.450","0.452","0.457"
"V60","D08","X46"," 1","0.162","0.194","0.223","0.232","0.240","0.245","0.255","0.269","0.257","0.272","0.272","0.264","0.272","0.269","0.275","0.276","0.274","0.284","0.284","0.295","0.309","0.320","0.346","0.373","0.404","0.472","0.539","0.606","0.576","0.552","0.561","0.571","0.580","0.577","0.582","0.569","0.572","0.559","0.536","0.523","0.519","0.517","0.515","0.517","0.516","0.509","0.508","0.500","0.503","0.500","0.502","0.499","0.501","0.506","0.502","0.501","0.497","0.503","0.497","0.494","0.496","0.498","0.488","0.494","0.491","0.494","0.486","0.486","0.491","0.495","0.493","0.493","0.494","0.496","0.497","0.487","0.494","0.488","0.495","0.505","0.509","0.524","0.512","0.515","0.512","0.511","0.509","0.497","0.508","0.509","0.511","0.508","0.500","0.502","0.509","0.506","0.502","0.505"
"V61","E08","X47"," 1","0.171","0.192","0.215","0.222","0.240","0.256","0.263","0.275","0.287","0.289","0.293","0.300","0.307","0.315","0.329","0.351","0.284","0.394","0.394","0.398","0.407","0.396","0.405","0.411","0.402","0.398","0.398","0.412","0.413","0.400","0.403","0.410","0.402","0.407","0.408","0.404","0.408","0.406","0.397","0.403","0.400","0.407","0.398","0.391","0.389","0.387","0.387","0.397","0.402","0.395","0.398","0.398","0.401","0.403","0.393","0.392","0.397","0.401","0.393","0.392","0.393","0.399","0.393","0.395","0.385","0.389","0.389","0.386","0.389","0.385","0.388","0.386","0.398","0.386","0.399","0.398","0.385","0.392","0.394","0.389","0.391","0.387","0.409","0.382","0.380","0.390","0.382","0.385","0.380","0.383","0.387","0.377","0.385","0.381","0.368","0.374","0.399","0.388"
"V62","F08","X48"," 1","0.162","0.175","0.199","0.215","0.228","0.223","0.238","0.233","0.241","0.242","0.243","0.242","0.249","0.255","0.257","0.262","0.270","0.272","0.291","0.307","0.317","0.345","0.366","0.388","0.421","0.455","0.569","0.553","0.554","0.572","0.584","0.593","0.587","0.578","0.566","0.556","0.549","0.528","0.515","0.514","0.516","0.524","0.518","0.527","0.526","0.523","0.517","0.519","0.519","0.521","0.518","0.516","0.522","0.521","0.521","0.517","0.523","0.526","0.516","0.522","0.521","0.526","0.509","0.509","0.515","0.519","0.514","0.507","0.511","0.515","0.508","0.507","0.522","0.518","0.518","0.514","0.518","0.518","0.507","0.513","0.506","0.505","0.514","0.517","0.514","0.516","0.521","0.516","0.522","0.523","0.523","0.526","0.518","0.503","0.513","0.526","0.530","0.515"
"V63","G08","X49"," 1","0.174","0.201","0.212","0.228","0.238","0.240","0.251","0.253","0.260","0.254","0.259","0.258","0.269","0.269","0.269","0.273","0.274","0.274","0.272","0.278","0.280","0.282","0.287","0.292","0.320","0.332","0.339","0.414","0.470","0.553","0.548","0.535","0.514","0.502","0.497","0.484","0.472","0.471","0.467","0.461","0.455","0.461","0.467","0.455","0.456","0.458","0.463","0.461","0.473","0.463","0.471","0.477","0.467","0.475","0.468","0.471","0.472","0.473","0.470","0.475","0.472","0.476","0.478","0.476","0.470","0.477","0.473","0.474","0.473","0.481","0.477","0.479","0.481","0.484","0.483","0.483","0.484","0.485","0.482","0.484","0.490","0.485","0.481","0.482","0.482","0.491","0.485","0.477","0.480","0.480","0.481","0.474","0.478","0.485","0.483","0.481","0.482","0.482"
"V64","H08","B"," 1","0.120","0.155","0.177","0.182","0.189","0.194","0.205","0.208","0.214","0.212","0.215","0.216","0.223","0.229","0.233","0.235","0.235","0.245","0.237","0.242","0.249","0.243","0.238","0.248","0.244","0.250","0.252","0.253","0.252","0.249","0.244","0.249","0.249","0.244","0.243","0.251","0.240","0.248","0.248","0.248","0.243","0.246","0.247","0.242","0.239","0.232","0.239","0.234","0.239","0.237","0.238","0.236","0.240","0.239","0.235","0.236","0.234","0.235","0.231","0.232","0.230","0.232","0.233","0.230","0.229","0.232","0.223","0.231","0.222","0.228","0.227","0.227","0.232","0.227","0.226","0.228","0.224","0.228","0.229","0.221","0.223","0.224","0.227","0.222","0.221","0.220","0.219","0.223","0.215","0.220","0.222","0.222","0.223","0.219","0.222","0.220","0.219","0.222"
"V65","A09","X50"," 1","0.119","0.141","0.168","0.192","0.199","0.200","0.218","0.210","0.210","0.207","0.216","0.212","0.201","0.209","0.230","0.268","0.295","0.297","0.334","0.347","0.349","0.386","0.355","0.363","0.306","0.361","0.294","0.363","0.342","0.304","0.285","0.320","0.293","0.261","0.276","0.264","0.272","0.258","0.258","0.280","0.273","0.258","0.248","0.230","0.227","0.223","0.211","0.224","0.211","0.209","0.218","0.216","0.213","0.228","0.230","0.236","0.230","0.240","0.235","0.249","0.243","0.242","0.243","0.239","0.243","0.243","0.258","0.241","0.249","0.241","0.251","0.253","0.250","0.244","0.266","0.258","0.257","0.248","0.252","0.266","0.280","0.263","0.280","0.265","0.265","0.275","0.266","0.261","0.269","0.369","0.255","0.258","0.244","0.240","0.251","0.246","0.246","0.254"
"V66","B09","X51"," 1","0.131","0.142","0.161","0.167","0.173","0.179","0.186","0.193","0.196","0.197","0.214","0.213","0.210","0.214","0.214","0.222","0.222","0.226","0.243","0.242","0.252","0.258","0.269","0.275","0.272","0.282","0.284","0.305","0.351","0.369","0.378","0.431","0.433","0.416","0.420","0.419","0.441","0.430","0.429","0.424","0.426","0.427","0.429","0.425","0.437","0.436","0.426","0.435","0.443","0.441","0.438","0.442","0.444","0.441","0.441","0.442","0.442","0.452","0.443","0.447","0.446","0.446","0.443","0.445","0.447","0.444","0.446","0.446","0.451","0.448","0.448","0.451","0.454","0.454","0.453","0.454","0.457","0.456","0.458","0.457","0.460","0.463","0.462","0.457","0.459","0.456","0.459","0.464","0.464","0.462","0.456","0.460","0.461","0.457","0.465","0.461","0.466","0.465"
"V67","C09","X52"," 1","0.140","0.148","0.155","0.162","0.165","0.162","0.165","0.166","0.176","0.173","0.174","0.170","0.170","0.176","0.183","0.188","0.184","0.186","0.201","0.199","0.208","0.221","0.210","0.223","0.240","0.249","0.252","0.232","0.224","0.234","0.271","0.329","0.370","0.476","0.488","0.473","0.427","0.416","0.415","0.409","0.404","0.415","0.408","0.407","0.404","0.406","0.415","0.413","0.415","0.413","0.415","0.410","0.411","0.416","0.412","0.407","0.409","0.412","0.417","0.419","0.415","0.414","0.420","0.421","0.415","0.413","0.414","0.417","0.416","0.423","0.416","0.418","0.421","0.418","0.421","0.424","0.421","0.419","0.421","0.428","0.424","0.422","0.426","0.423","0.425","0.424","0.423","0.432","0.417","0.424","0.415","0.426","0.428","0.420","0.426","0.423","0.429","0.427"
"V68","D09","X53"," 1","0.148","0.158","0.171","0.174","0.180","0.183","0.193","0.187","0.198","0.197","0.198","0.202","0.198","0.202","0.205","0.211","0.210","0.217","0.219","0.221","0.239","0.265","0.277","0.286","0.284","0.299","0.370","0.447","0.510","0.532","0.506","0.507","0.510","0.500","0.506","0.508","0.502","0.487","0.479","0.495","0.495","0.503","0.501","0.502","0.503","0.506","0.507","0.513","0.514","0.507","0.511","0.517","0.508","0.519","0.506","0.506","0.511","0.510","0.507","0.501","0.504","0.505","0.506","0.511","0.506","0.508","0.504","0.493","0.513","0.505","0.509","0.494","0.508","0.503","0.502","0.504","0.506","0.504","0.519","0.514","0.526","0.527","0.522","0.525","0.521","0.516","0.514","0.521","0.517","0.521","0.518","0.527","0.521","0.508","0.515","0.518","0.525","0.518"
"V69","E09","X54"," 1","0.167","0.189","0.197","0.221","0.232","0.239","0.243","0.248","0.255","0.258","0.272","0.280","0.292","0.290","0.311","0.311","0.331","0.336","0.328","0.308","0.302","0.311","0.321","0.320","0.324","0.317","0.317","0.334","0.324","0.333","0.334","0.334","0.332","0.340","0.362","0.346","0.393","0.402","0.399","0.394","0.383","0.402","0.409","0.407","0.398","0.413","0.432","0.415","0.426","0.417","0.430","0.434","0.437","0.450","0.432","0.447","0.452","0.453","0.446","0.462","0.459","0.449","0.459","0.465","0.464","0.462","0.472","0.475","0.476","0.476","0.491","0.499","0.489","0.512","0.505","0.492","0.499","0.490","0.491","0.486","0.501","0.495","0.504","0.493","0.498","0.488","0.478","0.478","0.473","0.476","0.484","0.468","0.476","0.482","0.486","0.493","0.491","0.482"
"V70","F09","X55"," 1","0.161","0.164","0.195","0.213","0.233","0.231","0.243","0.242","0.248","0.257","0.257","0.259","0.263","0.236","0.275","0.283","0.286","0.290","0.306","0.318","0.322","0.351","0.361","0.443","0.472","0.447","0.493","0.512","0.512","0.505","0.502","0.513","0.517","0.516","0.515","0.501","0.495","0.490","0.499","0.502","0.516","0.510","0.508","0.520","0.512","0.512","0.514","0.510","0.514","0.512","0.506","0.518","0.516","0.506","0.511","0.507","0.503","0.512","0.515","0.515","0.521","0.512","0.534","0.509","0.504","0.526","0.514","0.502","0.507","0.501","0.528","0.518","0.513","0.509","0.517","0.513","0.534","0.512","0.520","0.506","0.502","0.508","0.513","0.514","0.511","0.519","0.512","0.526","0.516","0.515","0.515","0.512","0.531","0.522","0.530","0.532","0.507","0.515"
"V71","G09","X56"," 1","0.156","0.173","0.200","0.228","0.236","0.240","0.248","0.248","0.256","0.250","0.258","0.258","0.263","0.273","0.276","0.284","0.294","0.292","0.300","0.305","0.310","0.313","0.311","0.308","0.379","0.455","0.462","0.464","0.484","0.431","0.409","0.412","0.427","0.428","0.432","0.435","0.431","0.433","0.428","0.432","0.429","0.425","0.429","0.428","0.432","0.434","0.429","0.432","0.433","0.439","0.438","0.448","0.437","0.439","0.440","0.437","0.440","0.438","0.434","0.438","0.439","0.441","0.437","0.440","0.434","0.436","0.431","0.433","0.432","0.432","0.433","0.439","0.436","0.438","0.442","0.438","0.438","0.439","0.436","0.449","0.448","0.446","0.440","0.438","0.433","0.444","0.446","0.448","0.440","0.440","0.447","0.443","0.449","0.452","0.451","0.451","0.456","0.455"
"V72","H09","B"," 1","0.127","0.157","0.176","0.189","0.194","0.203","0.211","0.210","0.224","0.219","0.224","0.226","0.232","0.230","0.241","0.248","0.249","0.250","0.254","0.254","0.252","0.255","0.255","0.255","0.264","0.269","0.265","0.265","0.267","0.267","0.271","0.272","0.272","0.265","0.255","0.259","0.258","0.259","0.256","0.254","0.257","0.255","0.257","0.252","0.253","0.250","0.255","0.260","0.260","0.253","0.256","0.254","0.254","0.257","0.256","0.255","0.254","0.254","0.255","0.252","0.256","0.251","0.252","0.257","0.256","0.255","0.255","0.257","0.253","0.254","0.255","0.253","0.251","0.250","0.256","0.251","0.251","0.250","0.252","0.255","0.252","0.255","0.254","0.253","0.247","0.250","0.253","0.255","0.248","0.245","0.251","0.250","0.256","0.248","0.251","0.249","0.250","0.253"
"V73","A10","X57"," 1","0.123","0.130","0.149","0.168","0.166","0.164","0.175","0.182","0.192","0.185","0.192","0.199","0.200","0.213","0.241","0.191","0.245","0.264","0.255","0.312","0.316","0.396","0.390","0.477","0.483","0.513","0.543","0.549","0.544","0.549","0.539","0.533","0.531","0.509","0.523","0.529","0.532","0.518","0.516","0.516","0.518","0.521","0.517","0.510","0.504","0.497","0.491","0.490","0.495","0.502","0.498","0.506","0.506","0.508","0.517","0.515","0.519","0.520","0.522","0.523","0.520","0.516","0.523","0.520","0.516","0.521","0.513","0.518","0.514","0.517","0.517","0.517","0.520","0.515","0.521","0.517","0.517","0.515","0.518","0.521","0.516","0.516","0.512","0.515","0.512","0.514","0.517","0.515","0.515","0.516","0.516","0.516","0.515","0.513","0.513","0.517","0.513","0.519"
"V74","B10","X58"," 1","0.136","0.163","0.201","0.217","0.217","0.226","0.233","0.237","0.250","0.248","0.249","0.259","0.253","0.259","0.257","0.259","0.270","0.271","0.276","0.298","0.297","0.313","0.350","0.408","0.430","0.478","0.458","0.524","0.568","0.586","0.575","0.580","0.596","0.577","0.558","0.538","0.541","0.546","0.545","0.542","0.533","0.518","0.518","0.514","0.506","0.510","0.502","0.501","0.501","0.508","0.501","0.512","0.508","0.506","0.509","0.505","0.507","0.504","0.504","0.508","0.506","0.504","0.503","0.501","0.503","0.507","0.506","0.510","0.505","0.493","0.498","0.505","0.503","0.505","0.507","0.506","0.508","0.506","0.510","0.501","0.498","0.508","0.502","0.501","0.491","0.497","0.502","0.495","0.497","0.486","0.504","0.493","0.492","0.496","0.494","0.494","0.490","0.488"
"V75","C10","X59"," 1","0.150","0.173","0.195","0.215","0.227","0.234","0.235","0.254","0.251","0.258","0.264","0.267","0.269","0.283","0.285","0.284","0.292","0.314","0.311","0.313","0.319","0.336","0.378","0.422","0.473","0.475","0.565","0.603","0.568","0.558","0.557","0.562","0.562","0.571","0.546","0.528","0.534","0.539","0.540","0.539","0.542","0.533","0.528","0.528","0.519","0.518","0.509","0.524","0.533","0.522","0.506","0.508","0.518","0.517","0.513","0.520","0.512","0.512","0.509","0.516","0.510","0.508","0.508","0.501","0.499","0.502","0.516","0.510","0.511","0.509","0.498","0.507","0.505","0.505","0.510","0.509","0.504","0.513","0.505","0.514","0.510","0.519","0.511","0.517","0.508","0.517","0.515","0.521","0.515","0.513","0.513","0.513","0.516","0.515","0.510","0.520","0.519","0.514"
"V76","D10","X60"," 1","0.158","0.176","0.212","0.224","0.234","0.253","0.255","0.256","0.258","0.272","0.271","0.278","0.282","0.279","0.283","0.287","0.296","0.300","0.306","0.313","0.313","0.335","0.369","0.425","0.430","0.459","0.549","0.594","0.582","0.545","0.533","0.520","0.521","0.523","0.523","0.516","0.510","0.490","0.471","0.466","0.461","0.455","0.466","0.468","0.467","0.469","0.467","0.476","0.480","0.482","0.490","0.490","0.485","0.489","0.488","0.487","0.491","0.486","0.488","0.486","0.487","0.481","0.483","0.490","0.485","0.479","0.483","0.478","0.483","0.482","0.482","0.485","0.483","0.482","0.489","0.485","0.484","0.486","0.482","0.491","0.503","0.510","0.493","0.501","0.494","0.496","0.504","0.492","0.492","0.502","0.497","0.508","0.512","0.502","0.502","0.503","0.505","0.502"
"V77","E10","X61"," 1","0.174","0.189","0.208","0.212","0.227","0.245","0.245","0.191","0.252","0.267","0.270","0.268","0.272","0.269","0.277","0.269","0.280","0.298","0.302","0.309","0.316","0.336","0.352","0.348","0.354","0.335","0.329","0.336","0.340","0.340","0.344","0.339","0.333","0.334","0.334","0.333","0.340","0.341","0.340","0.330","0.345","0.335","0.329","0.327","0.325","0.328","0.341","0.329","0.332","0.334","0.329","0.334","0.330","0.346","0.326","0.326","0.332","0.330","0.328","0.370","0.366","0.385","0.388","0.401","0.402","0.405","0.408","0.390","0.398","0.401","0.408","0.415","0.406","0.413","0.417","0.420","0.410","0.402","0.405","0.411","0.415","0.416","0.414","0.420","0.406","0.405","0.413","0.431","0.421","0.452","0.451","0.453","0.459","0.454","0.456","0.459","0.460","0.466"
"V78","F10","X62"," 1","0.165","0.182","0.194","0.209","0.226","0.223","0.228","0.218","0.233","0.241","0.253","0.259","0.250","0.260","0.269","0.275","0.271","0.280","0.281","0.282","0.294","0.300","0.307","0.323","0.332","0.323","0.399","0.421","0.453","0.484","0.485","0.492","0.514","0.499","0.497","0.504","0.497","0.489","0.494","0.483","0.498","0.497","0.504","0.513","0.511","0.509","0.496","0.517","0.505","0.512","0.501","0.487","0.519","0.507","0.505","0.501","0.500","0.507","0.485","0.480","0.486","0.487","0.454","0.439","0.456","0.447","0.454","0.431","0.450","0.437","0.443","0.433","0.428","0.441","0.430","0.422","0.425","0.407","0.425","0.422","0.422","0.454","0.469","0.474","0.486","0.501","0.507","0.510","0.503","0.498","0.506","0.503","0.532","0.503","0.526","0.513","0.530","0.529"
"V79","G10","X63"," 1","0.165","0.171","0.183","0.183","0.195","0.201","0.205","0.202","0.202","0.208","0.213","0.222","0.227","0.218","0.219","0.207","0.221","0.236","0.254","0.276","0.312","0.356","0.471","0.438","0.445","0.454","0.455","0.449","0.455","0.461","0.460","0.454","0.457","0.463","0.473","0.478","0.482","0.486","0.487","0.487","0.490","0.488","0.487","0.488","0.492","0.495","0.490","0.500","0.499","0.497","0.498","0.500","0.506","0.498","0.506","0.501","0.506","0.505","0.496","0.506","0.508","0.504","0.503","0.505","0.500","0.503","0.502","0.506","0.491","0.502","0.497","0.502","0.503","0.502","0.499","0.497","0.495","0.494","0.498","0.513","0.496","0.497","0.485","0.492","0.492","0.485","0.487","0.479","0.483","0.484","0.483","0.486","0.484","0.487","0.483","0.487","0.493","0.481"
"V80","H10","B"," 1","0.159","0.164","0.171","0.165","0.167","0.172","0.169","0.162","0.169","0.165","0.165","0.163","0.165","0.163","0.163","0.163","0.161","0.162","0.162","0.160","0.163","0.163","0.163","0.161","0.163","0.169","0.165","0.165","0.164","0.168","0.167","0.167","0.165","0.166","0.164","0.166","0.164","0.165","0.167","0.166","0.164","0.163","0.161","0.160","0.160","0.159","0.161","0.160","0.162","0.165","0.160","0.165","0.162","0.167","0.162","0.161","0.161","0.161","0.159","0.159","0.159","0.154","0.156","0.158","0.157","0.158","0.151","0.154","0.153","0.149","0.153","0.152","0.151","0.150","0.151","0.150","0.153","0.151","0.146","0.147","0.148","0.155","0.154","0.156","0.148","0.148","0.148","0.148","0.146","0.145","0.147","0.148","0.145","0.146","0.146","0.142","0.145","0.146"
"V81","A11","B"," 1","0.131","0.144","0.162","0.187","0.205","0.208","0.226","0.223","0.227","0.239","0.242","0.242","0.241","0.233","0.242","0.238","0.229","0.239","0.228","0.239","0.216","0.223","0.244","0.239","0.231","0.233","0.239","0.250","0.234","0.231","0.240","0.232","0.229","0.216","0.214","0.217","0.225","0.215","0.222","0.226","0.213","0.216","0.210","0.213","0.234","0.228","0.220","0.217","0.212","0.216","0.210","0.212","0.231","0.222","0.228","0.232","0.210","0.229","0.230","0.218","0.232","0.226","0.217","0.219","0.227","0.208","0.229","0.228","0.211","0.211","0.225","0.213","0.214","0.231","0.234","0.212","0.209","0.221","0.214","0.225","0.213","0.230","0.218","0.222","0.212","0.210","0.204","0.212","0.216","0.222","0.233","0.223","0.208","0.208","0.205","0.233","0.201","0.209"
"V82","B11","B"," 1","0.133","0.145","0.162","0.172","0.187","0.191","0.193","0.188","0.183","0.192","0.191","0.176","0.188","0.175","0.171","0.179","0.141","0.169","0.163","0.165","0.161","0.173","0.170","0.165","0.160","0.176","0.173","0.176","0.172","0.164","0.174","0.161","0.167","0.174","0.171","0.168","0.165","0.165","0.162","0.165","0.171","0.169","0.170","0.168","0.187","0.170","0.170","0.179","0.181","0.173","0.191","0.182","0.170","0.178","0.180","0.192","0.139","0.181","0.190","0.192","0.184","0.181","0.185","0.188","0.183","0.191","0.189","0.188","0.185","0.176","0.184","0.180","0.176","0.179","0.180","0.199","0.183","0.188","0.194","0.191","0.183","0.181","0.189","0.133","0.181","0.187","0.201","0.193","0.185","0.191","0.194","0.187","0.178","0.186","0.187","0.186","0.191","0.178"
"V83","C11","B"," 1","0.149","0.174","0.193","0.209","0.209","0.207","0.202","0.217","0.194","0.189","0.189","0.174","0.194","0.185","0.183","0.193","0.189","0.184","0.187","0.180","0.181","0.190","0.186","0.187","0.184","0.184","0.185","0.186","0.186","0.191","0.189","0.183","0.189","0.195","0.196","0.196","0.201","0.193","0.197","0.191","0.197","0.193","0.200","0.195","0.199","0.190","0.198","0.201","0.202","0.200","0.209","0.201","0.204","0.211","0.206","0.213","0.208","0.205","0.208","0.208","0.203","0.205","0.209","0.202","0.204","0.206","0.206","0.198","0.203","0.198","0.203","0.199","0.206","0.201","0.209","0.213","0.209","0.209","0.206","0.213","0.218","0.210","0.216","0.212","0.223","0.212","0.214","0.216","0.207","0.212","0.203","0.206","0.214","0.213","0.204","0.206","0.216","0.207"
"V84","D11","B"," 1","0.164","0.175","0.187","0.192","0.193","0.189","0.188","0.199","0.193","0.196","0.195","0.209","0.199","0.177","0.182","0.179","0.178","0.184","0.187","0.180","0.185","0.186","0.188","0.175","0.192","0.185","0.191","0.190","0.190","0.192","0.187","0.191","0.196","0.193","0.194","0.193","0.197","0.193","0.191","0.188","0.190","0.193","0.193","0.197","0.187","0.196","0.193","0.204","0.199","0.197","0.206","0.200","0.206","0.200","0.199","0.206","0.203","0.194","0.199","0.204","0.197","0.198","0.204","0.203","0.203","0.208","0.204","0.204","0.205","0.208","0.196","0.206","0.208","0.205","0.205","0.214","0.215","0.201","0.211","0.212","0.202","0.211","0.210","0.206","0.218","0.214","0.213","0.201","0.218","0.215","0.210","0.215","0.215","0.211","0.211","0.218","0.226","0.210"
"V85","E11","B"," 1","0.148","0.179","0.190","0.207","0.210","0.209","0.209","0.219","0.219","0.218","0.216","0.213","0.210","0.208","0.207","0.202","0.206","0.206","0.205","0.213","0.210","0.213","0.213","0.219","0.222","0.218","0.219","0.219","0.220","0.219","0.219","0.223","0.222","0.221","0.218","0.224","0.218","0.224","0.220","0.214","0.214","0.212","0.212","0.218","0.214","0.222","0.222","0.222","0.226","0.221","0.184","0.184","0.190","0.190","0.185","0.185","0.182","0.182","0.185","0.188","0.187","0.187","0.184","0.186","0.186","0.194","0.186","0.188","0.189","0.191","0.191","0.187","0.196","0.193","0.195","0.195","0.200","0.189","0.195","0.196","0.196","0.194","0.195","0.189","0.200","0.194","0.201","0.192","0.196","0.202","0.201","0.198","0.201","0.196","0.198","0.192","0.200","0.193"
"V86","F11","B"," 1","0.167","0.186","0.200","0.220","0.222","0.222","0.223","0.236","0.233","0.237","0.237","0.234","0.239","0.235","0.240","0.240","0.238","0.231","0.243","0.241","0.236","0.243","0.230","0.251","0.253","0.253","0.245","0.245","0.253","0.250","0.250","0.243","0.258","0.259","0.260","0.264","0.255","0.252","0.248","0.258","0.266","0.262","0.260","0.263","0.256","0.264","0.263","0.261","0.259","0.262","0.255","0.267","0.270","0.268","0.275","0.272","0.270","0.269","0.273","0.273","0.273","0.276","0.272","0.272","0.275","0.275","0.281","0.270","0.271","0.278","0.275","0.275","0.279","0.273","0.276","0.276","0.282","0.280","0.281","0.283","0.277","0.289","0.281","0.289","0.284","0.281","0.285","0.280","0.287","0.285","0.280","0.281","0.279","0.290","0.283","0.282","0.281","0.283"
"V87","G11","B"," 1","0.137","0.170","0.198","0.207","0.213","0.215","0.215","0.222","0.216","0.220","0.211","0.223","0.221","0.212","0.216","0.215","0.212","0.211","0.210","0.203","0.206","0.210","0.207","0.217","0.214","0.230","0.233","0.237","0.237","0.235","0.239","0.240","0.242","0.244","0.238","0.245","0.241","0.249","0.248","0.252","0.247","0.250","0.250","0.253","0.248","0.258","0.256","0.255","0.253","0.256","0.256","0.255","0.250","0.249","0.250","0.247","0.247","0.236","0.241","0.237","0.234","0.239","0.246","0.246","0.234","0.241","0.245","0.236","0.241","0.237","0.241","0.241","0.241","0.240","0.242","0.247","0.237","0.242","0.240","0.239","0.232","0.238","0.233","0.230","0.233","0.239","0.241","0.235","0.237","0.232","0.231","0.235","0.234","0.234","0.240","0.234","0.241","0.241"
"V88","H11","B"," 1","0.141","0.160","0.178","0.192","0.192","0.201","0.204","0.208","0.208","0.216","0.216","0.220","0.219","0.223","0.221","0.225","0.239","0.242","0.243","0.242","0.248","0.244","0.240","0.255","0.253","0.250","0.251","0.253","0.254","0.253","0.255","0.256","0.258","0.258","0.260","0.253","0.248","0.251","0.246","0.240","0.241","0.243","0.232","0.244","0.242","0.236","0.239","0.235","0.241","0.235","0.239","0.240","0.242","0.240","0.237","0.243","0.237","0.236","0.235","0.231","0.242","0.239","0.242","0.245","0.239","0.239","0.239","0.239","0.240","0.243","0.239","0.237","0.236","0.239","0.238","0.237","0.235","0.231","0.241","0.239","0.240","0.238","0.236","0.235","0.234","0.236","0.234","0.233","0.236","0.230","0.234","0.230","0.233","0.235","0.230","0.234","0.232","0.236"
"V89","A12","X64"," 1","0.158","0.199","0.266","0.284","0.289","0.290","0.353","0.343","0.240","0.353","0.368","0.369","0.373","0.441","0.458","0.475","0.428","0.496","0.535","0.547","0.524","0.522","0.528","0.522","0.537","0.535","0.508","0.503","0.514","0.526","0.532","0.532","0.519","0.513","0.521","0.523","0.513","0.511","0.505","0.506","0.509","0.510","0.515","0.523","0.524","0.527","0.520","0.521","0.524","0.525","0.529","0.523","0.521","0.524","0.524","0.523","0.526","0.522","0.525","0.525","0.525","0.525","0.523","0.523","0.520","0.524","0.523","0.524","0.523","0.520","0.525","0.521","0.523","0.525","0.525","0.525","0.524","0.525","0.524","0.525","0.519","0.520","0.520","0.517","0.514","0.518","0.515","0.518","0.519","0.514","0.517","0.516","0.514","0.514","0.517","0.514","0.512","0.517"
"V90","B12","X65"," 1","0.168","0.204","0.235","0.258","0.268","0.256","0.283","0.287","0.320","0.306","0.327","0.356","0.414","0.390","0.396","0.414","0.411","0.418","0.394","0.441","0.489","0.493","0.518","0.503","0.510","0.528","0.541","0.514","0.494","0.494","0.489","0.494","0.491","0.491","0.493","0.499","0.496","0.497","0.496","0.497","0.495","0.491","0.486","0.487","0.482","0.484","0.479","0.479","0.479","0.479","0.482","0.480","0.481","0.483","0.483","0.488","0.493","0.492","0.492","0.496","0.494","0.499","0.496","0.507","0.499","0.502","0.507","0.504","0.505","0.498","0.505","0.504","0.508","0.507","0.511","0.511","0.510","0.516","0.515","0.517","0.519","0.514","0.526","0.514","0.519","0.517","0.520","0.521","0.520","0.518","0.519","0.519","0.519","0.516","0.520","0.515","0.519","0.524"
"V91","C12","X66"," 1","0.154","0.218","0.254","0.265","0.257","0.295","0.298","0.335","0.348","0.376","0.402","0.427","0.413","0.408","0.412","0.511","0.498","0.511","0.518","0.533","0.528","0.555","0.530","0.501","0.498","0.518","0.533","0.536","0.550","0.559","0.539","0.547","0.525","0.535","0.526","0.521","0.528","0.514","0.500","0.495","0.485","0.499","0.489","0.492","0.493","0.496","0.503","0.518","0.507","0.506","0.516","0.517","0.526","0.508","0.520","0.511","0.523","0.509","0.511","0.501","0.501","0.505","0.515","0.510","0.510","0.511","0.507","0.509","0.504","0.509","0.511","0.510","0.513","0.513","0.513","0.513","0.512","0.517","0.514","0.511","0.513","0.515","0.512","0.511","0.514","0.508","0.515","0.514","0.506","0.518","0.506","0.513","0.512","0.508","0.509","0.507","0.509","0.509"
"V92","D12","X67"," 1","0.168","0.229","0.307","0.296","0.275","0.315","0.349","0.383","0.393","0.415","0.429","0.451","0.439","0.464","0.474","0.533","0.551","0.520","0.501","0.508","0.509","0.524","0.527","0.511","0.504","0.512","0.526","0.543","0.560","0.552","0.555","0.553","0.558","0.547","0.543","0.540","0.521","0.522","0.516","0.517","0.521","0.527","0.522","0.532","0.532","0.532","0.537","0.538","0.537","0.542","0.552","0.538","0.543","0.542","0.542","0.538","0.548","0.543","0.542","0.539","0.539","0.539","0.541","0.534","0.538","0.534","0.536","0.535","0.535","0.534","0.535","0.535","0.535","0.539","0.542","0.537","0.538","0.540","0.537","0.540","0.533","0.533","0.535","0.536","0.534","0.540","0.528","0.534","0.538","0.534","0.534","0.530","0.535","0.531","0.536","0.537","0.531","0.536"
"V93","E12","X68"," 1","0.161","0.177","0.213","0.232","0.249","0.284","0.290","0.290","0.304","0.288","0.292","0.333","0.335","0.372","0.384","0.417","0.441","0.498","0.461","0.467","0.457","0.469","0.475","0.466","0.465","0.474","0.489","0.499","0.508","0.507","0.498","0.504","0.504","0.500","0.495","0.505","0.495","0.500","0.504","0.498","0.500","0.504","0.513","0.519","0.513","0.523","0.528","0.539","0.526","0.522","0.531","0.527","0.529","0.525","0.527","0.526","0.527","0.527","0.526","0.520","0.522","0.522","0.519","0.519","0.517","0.511","0.517","0.516","0.517","0.520","0.522","0.519","0.522","0.526","0.528","0.523","0.520","0.523","0.522","0.524","0.522","0.520","0.519","0.511","0.516","0.515","0.513","0.514","0.513","0.512","0.510","0.510","0.516","0.515","0.514","0.513","0.516","0.516"
"V94","F12","X69"," 1","0.170","0.216","0.289","0.320","0.314","0.309","0.391","0.411","0.446","0.472","0.516","0.520","0.522","0.511","0.531","0.520","0.524","0.516","0.523","0.509","0.514","0.484","0.475","0.494","0.525","0.529","0.553","0.537","0.553","0.537","0.548","0.556","0.552","0.536","0.528","0.533","0.517","0.519","0.545","0.541","0.554","0.557","0.563","0.557","0.553","0.552","0.558","0.555","0.555","0.549","0.563","0.554","0.567","0.566","0.560","0.554","0.562","0.568","0.567","0.557","0.561","0.559","0.558","0.557","0.560","0.549","0.561","0.560","0.552","0.550","0.554","0.558","0.552","0.558","0.556","0.550","0.553","0.555","0.554","0.552","0.555","0.555","0.559","0.555","0.558","0.550","0.555","0.557","0.560","0.555","0.553","0.559","0.554","0.550","0.558","0.557","0.561","0.547"
"V95","G12","X70"," 1","0.159","0.224","0.247","0.262","0.295","0.334","0.341","0.402","0.375","0.413","0.391","0.426","0.397","0.404","0.367","0.415","0.426","0.431","0.430","0.398","0.390","0.432","0.468","0.490","0.509","0.519","0.518","0.519","0.500","0.482","0.480","0.484","0.483","0.483","0.488","0.511","0.511","0.520","0.523","0.522","0.524","0.519","0.522","0.515","0.515","0.519","0.521","0.520","0.521","0.521","0.527","0.528","0.523","0.527","0.526","0.527","0.528","0.525","0.531","0.523","0.524","0.526","0.526","0.524","0.525","0.522","0.524","0.524","0.522","0.522","0.524","0.521","0.525","0.526","0.521","0.527","0.520","0.522","0.523","0.525","0.521","0.530","0.525","0.517","0.519","0.517","0.518","0.513","0.519","0.513","0.516","0.510","0.522","0.518","0.515","0.510","0.514","0.519"
"V96","H12","X71"," 1","0.150","0.173","0.229","0.229","0.261","0.231","0.221","0.269","0.280","0.286","0.248","0.213","0.187","0.212","0.258","0.288","0.358","0.480","0.444","0.452","0.449","0.470","0.450","0.467","0.496","0.511","0.515","0.515","0.518","0.504","0.508","0.506","0.503","0.498","0.497","0.504","0.505","0.513","0.510","0.515","0.515","0.513","0.511","0.514","0.517","0.510","0.514","0.515","0.519","0.522","0.522","0.522","0.525","0.522","0.517","0.518","0.524","0.518","0.516","0.514","0.514","0.512","0.514","0.509","0.510","0.509","0.508","0.507","0.507","0.507","0.505","0.504","0.506","0.508","0.508","0.510","0.507","0.509","0.507","0.506","0.505","0.503","0.508","0.505","0.505","0.505","0.501","0.501","0.501","0.500","0.500","0.498","0.501","0.501","0.501","0.502","0.500","0.499"
